Pclass,Survived
1,0.6296296296296297
2,0.47282608695652173
3,0.24236252545824846
