Pclass,Embarked,mean,std
1,C,104.71852941176469,99.0939349696501
1,Q,90.0,0.0
1,S,70.36486220472443,58.81127776179556
2,C,25.358335294117644,11.345067090697457
2,Q,12.35,0.0
2,S,20.327439024390245,13.630741099088103
3,C,11.214083333333337,4.871528353625737
3,Q,11.183393055555557,6.721676511682005
3,S,14.64408300283288,13.276608721649458
